,precision,recall,f1-score,support
0,0.9682539682539683,0.5781990521327014,0.7240356083086054,211.0
1,0.3719806763285024,0.8555555555555555,0.5185185185185185,450.0
2,0.9620253164556962,0.3568075117370892,0.5205479452054794,2130.0
3,0.7545219638242894,0.20277777777777778,0.3196496989600438,1440.0
4,0.6074074074074074,0.9111111111111111,0.7288888888888889,270.0
5,0.1328125,0.9444444444444444,0.2328767123287671,270.0
6,0.8349514563106796,0.9555555555555556,0.8911917098445595,90.0
7,0.6156583629893239,0.8238095238095238,0.7046843177189409,210.0
8,0.5666666666666667,0.9714285714285714,0.7157894736842105,210.0
9,0.3854748603351955,0.9857142857142858,0.5542168674698795,210.0
10,0.6203904555314533,0.9533333333333334,0.7516425755584757,300.0
11,0.927477840451249,0.8525925925925926,0.8884600540331918,1350.0
12,0.22746781115879827,0.8833333333333333,0.36177474402730375,300.0
13,0.2644927536231884,0.9733333333333334,0.41595441595441596,300.0
14,0.9827586206896551,0.95,0.9661016949152542,120.0
15,0.22839506172839505,0.8222222222222222,0.357487922705314,90.0
16,0.9871794871794872,0.8555555555555555,0.9166666666666666,90.0
17,0.8564356435643564,0.9611111111111111,0.9057591623036649,180.0
18,0.8156590683845392,0.6691056910569105,0.7351496203662349,1230.0
19,0.5652173913043478,0.43333333333333335,0.49056603773584906,60.0
20,0.3917525773195876,0.6333333333333333,0.4840764331210191,60.0
21,0.8571428571428571,0.2,0.32432432432432434,300.0
22,0.7407407407407407,1.0,0.851063829787234,60.0
23,0.7073170731707317,0.6444444444444445,0.6744186046511628,90.0
24,0.6896551724137931,0.3333333333333333,0.449438202247191,60.0
25,0.4171779141104294,0.9714285714285714,0.5836909871244635,210.0
26,0.6659574468085107,0.5216666666666666,0.5850467289719626,600.0
27,0.2777777777777778,0.8333333333333334,0.4166666666666667,60.0
28,0.8901098901098901,0.9,0.8950276243093923,90.0
29,0.6486486486486487,0.8,0.7164179104477612,60.0
30,0.4539877300613497,0.8222222222222222,0.5849802371541502,90.0
31,0.2169811320754717,0.9583333333333334,0.35384615384615387,120.0
32,0.6790123456790124,0.9166666666666666,0.7801418439716312,60.0
33,0.8851351351351351,0.19013062409288825,0.3130227001194743,689.0
34,0.8829787234042553,0.1976190476190476,0.3229571984435798,420.0
35,0.9518716577540107,0.14471544715447154,0.2512350035285815,1230.0
36,0.06947890818858561,0.9333333333333333,0.12933025404157045,60.0
37,1.0,0.5523809523809524,0.7116564417177914,210.0
38,0.984313725490196,0.23568075117370893,0.3803030303030303,2130.0
39,0.30201342281879195,0.75,0.430622009569378,60.0
40,0.422680412371134,0.6833333333333333,0.5222929936305732,60.0
41,0.75,0.35,0.4772727272727273,60.0
42,0.6704545454545454,0.9833333333333333,0.7972972972972973,60.0
accuracy,0.5149235474006116,0.5149235474006116,0.5149235474006116,0.5149235474006116
macro avg,0.6332654685782012,0.7091770377284027,0.5752346939009624,16350.0
weighted avg,0.7870121614305098,0.5149235474006116,0.5189996632092219,16350.0
