class_id,class_name,MLP_precision,MLP_recall,MLP_f1,support,SVM_precision,SVM_recall,SVM_f1,f1_difference_MLP_minus_SVM
0,Speed limit (20km/h),0.7640449438202247,0.3222748815165877,0.4533333333333333,211,0.0967741935483871,0.1990521327014218,0.13023255813953488,0.32310077519379843
1,Speed limit (30km/h),0.34114403859407305,0.868421052631579,0.48985650667986147,570,0.2607377463365336,0.9052631578947369,0.4048646528050216,0.08499185387483987
2,Speed limit (50km/h),0.9314194577352473,0.27417840375586855,0.4236488937250635,2130,0.7636363636363637,0.11830985915492957,0.2048780487804878,0.2187708449445757
3,Speed limit (60km/h),0.45944192083062946,0.45384615384615384,0.4566268945501451,1560,0.48188405797101447,0.42628205128205127,0.4523809523809524,0.004245942169192718
4,Speed limit (70km/h),0.6550580431177446,0.9404761904761905,0.772238514173998,420,0.6346153846153846,0.9428571428571428,0.7586206896551724,0.01361782451882565
5,Speed limit (80km/h),0.23732856290995827,0.9476190476190476,0.3795898903195041,420,0.1948944526264114,0.9452380952380952,0.32315832315832316,0.05643156716118092
6,End of speed limit (80km/h),0.8910891089108911,1.0,0.9424083769633508,90,0.7317073170731707,1.0,0.8450704225352113,0.09733795442813953
7,Speed limit (100km/h),0.7146892655367232,0.8433333333333334,0.7737003058103975,300,0.7433333333333333,0.7433333333333333,0.7433333333333333,0.030366972477064214
8,Speed limit (120km/h),0.6561604584527221,0.9541666666666667,0.7775891341256367,240,0.5845771144278606,0.9791666666666666,0.7320872274143302,0.045501906711306495
9,No passing,0.2900390625,0.99,0.4486404833836858,300,0.38317757009345793,0.9566666666666667,0.5471877979027645,-0.09854731451907872
10,No passing for vechiles over 3.5 metric tons,0.7178082191780822,0.9703703703703703,0.8251968503937008,540,0.7082152974504249,0.9259259259259259,0.8025682182985554,0.02262863209514543
11,Right-of-way at the next intersection,0.9322191272051996,0.7437037037037038,0.8273588792748249,1350,0.8858447488584474,0.7185185185185186,0.7934560327198364,0.03390284655498843
12,Priority road,0.6725978647686833,0.84,0.7470355731225297,450,0.6244343891402715,0.92,0.7439353099730458,0.0031002631494838617
13,Yield,0.6156542056074766,0.975925925925926,0.7550143266475645,540,0.5535097813578826,0.8907407407407407,0.6827537260468417,0.07226060060072281
14,Stop,0.8333333333333334,0.9722222222222222,0.8974358974358975,180,0.5605095541401274,0.9777777777777777,0.7125506072874493,0.18488529014844812
15,No vechiles,0.5,0.8916666666666667,0.6407185628742516,120,0.4025423728813559,0.7916666666666666,0.5337078651685393,0.10701069770571225
16,Vechiles over 3.5 metric tons prohibited,0.9754098360655737,0.9916666666666667,0.9834710743801653,120,0.6137931034482759,0.7416666666666667,0.6716981132075471,0.3117729611726182
17,No entry,0.9330708661417323,0.9875,0.9595141700404858,240,0.9789915966386554,0.9708333333333333,0.9748953974895398,-0.015381227449054014
18,General caution,0.8348778433024431,0.7507575757575757,0.7905863581970483,1320,0.7661406025824964,0.40454545454545454,0.5294992563212693,0.261087101875779
19,Dangerous curve to the left,0.5753424657534246,0.9333333333333333,0.711864406779661,90,0.6292134831460674,0.6222222222222222,0.6256983240223464,0.08616608275731463
20,Dangerous curve to the right,0.10263157894736842,0.65,0.17727272727272728,60,0.07990314769975787,0.55,0.13953488372093023,0.037737843551797046
21,Double curve,0.85,0.5666666666666667,0.68,330,0.7575757575757576,0.22727272727272727,0.34965034965034963,0.3303496503496504
22,Bumpy road,0.7692307692307693,1.0,0.8695652173913043,90,0.7894736842105263,1.0,0.8823529411764706,-0.012787723785166238
23,Slippery road,0.7058823529411765,0.9,0.7912087912087912,120,0.6077348066298343,0.9166666666666666,0.7308970099667774,0.06031178124201375
24,Road narrows on the right,0.6101694915254238,0.6,0.6050420168067226,120,0.1791044776119403,0.5,0.26373626373626374,0.3413057530704589
25,Road work,0.6088560885608856,1.0,0.7568807339449541,330,0.8009950248756219,0.9757575757575757,0.8797814207650273,-0.12290068682007316
26,Traffic signals,0.5598377281947262,0.46,0.505032021957914,600,0.33976833976833976,0.14666666666666667,0.2048894062863795,0.30014261567153444
27,Pedestrians,0.3282674772036474,0.9,0.48106904231625836,120,0.0957683741648107,0.7166666666666667,0.16895874263261296,0.3121102996836454
28,Children crossing,0.8805970149253731,0.9833333333333333,0.9291338582677166,120,0.835820895522388,0.9333333333333333,0.8818897637795275,0.047244094488189003
29,Bicycles crossing,0.9629629629629629,0.8666666666666667,0.9122807017543859,90,0.41208791208791207,0.8333333333333334,0.5514705882352942,0.36081011351909176
30,Beware of ice/snow,0.34868421052631576,0.8833333333333333,0.5,120,0.4375,0.875,0.5833333333333334,-0.08333333333333337
31,Wild animals crossing,0.32044198895027626,0.9666666666666667,0.48132780082987553,180,0.282560706401766,0.7111111111111111,0.40442338072669826,0.07690442010317727
32,End of all speed and passing limits,0.7662337662337663,0.9833333333333333,0.8613138686131386,60,0.6082474226804123,0.9833333333333333,0.7515923566878981,0.10972151192524049
33,Turn right ahead,0.9905660377358491,0.14623955431754876,0.25485436893203883,718,0.7375,0.08217270194986072,0.14786967418546365,0.10698469474657518
34,Turn left ahead,0.9,0.12857142857142856,0.225,420,0.9523809523809523,0.14285714285714285,0.2484472049689441,-0.02344720496894409
35,Ahead only,0.9846153846153847,0.1523809523809524,0.2639175257731959,1260,0.8384279475982532,0.1523809523809524,0.25789120214909333,0.0060263236241025475
36,Go straight or right,0.21052631578947367,0.9666666666666667,0.34575260804769004,120,0.32044198895027626,0.9666666666666667,0.48132780082987553,-0.1355751927821855
37,Go straight or left,0.826530612244898,0.38571428571428573,0.525974025974026,210,0.6896551724137931,0.09523809523809523,0.16736401673640167,0.3586100092376243
38,Keep right,0.9757869249394673,0.18153153153153154,0.306114698063046,2220,0.9557291666666666,0.16531531531531532,0.2818740399385561,0.02424065812448989
39,Keep left,0.20408163265306123,1.0,0.3389830508474576,60,0.5737704918032787,0.5833333333333334,0.5785123966942148,-0.23952934584675722
40,Roundabout mandatory,0.4046511627906977,0.9666666666666667,0.5704918032786885,90,0.6335877862595419,0.9222222222222223,0.751131221719457,-0.18063941844076847
41,End of no passing,0.5116279069767442,0.7333333333333333,0.6027397260273972,60,0.14634146341463414,0.3,0.19672131147540983,0.4060184145519874
42,End of no passing by vechiles over 3.5 metric tons,0.9375,1.0,0.967741935483871,90,0.9,1.0,0.9473684210526315,0.02037351443123947
